--
-- PostgreSQL database dump
--

\restrict WNXGb9gt5s8gIK5ayilNtwBeUl53aL0YFrbTLGYRxGKlWJb7oMHPg29UevONcTw

-- Dumped from database version 16.13
-- Dumped by pg_dump version 16.13

SET statement_timeout = 0;
SET lock_timeout = 0;
SET idle_in_transaction_session_timeout = 0;
SET client_encoding = 'UTF8';
SET standard_conforming_strings = on;
SELECT pg_catalog.set_config('search_path', '', false);
SET check_function_bodies = false;
SET xmloption = content;
SET client_min_messages = warning;
SET row_security = off;

SET default_tablespace = '';

SET default_table_access_method = heap;

--
-- Name: auth_group; Type: TABLE; Schema: public; Owner: postgres
--

CREATE TABLE public.auth_group (
    id integer NOT NULL,
    name character varying(150) NOT NULL
);


ALTER TABLE public.auth_group OWNER TO postgres;

--
-- Name: auth_group_id_seq; Type: SEQUENCE; Schema: public; Owner: postgres
--

ALTER TABLE public.auth_group ALTER COLUMN id ADD GENERATED BY DEFAULT AS IDENTITY (
    SEQUENCE NAME public.auth_group_id_seq
    START WITH 1
    INCREMENT BY 1
    NO MINVALUE
    NO MAXVALUE
    CACHE 1
);


--
-- Name: auth_group_permissions; Type: TABLE; Schema: public; Owner: postgres
--

CREATE TABLE public.auth_group_permissions (
    id bigint NOT NULL,
    group_id integer NOT NULL,
    permission_id integer NOT NULL
);


ALTER TABLE public.auth_group_permissions OWNER TO postgres;

--
-- Name: auth_group_permissions_id_seq; Type: SEQUENCE; Schema: public; Owner: postgres
--

ALTER TABLE public.auth_group_permissions ALTER COLUMN id ADD GENERATED BY DEFAULT AS IDENTITY (
    SEQUENCE NAME public.auth_group_permissions_id_seq
    START WITH 1
    INCREMENT BY 1
    NO MINVALUE
    NO MAXVALUE
    CACHE 1
);


--
-- Name: auth_permission; Type: TABLE; Schema: public; Owner: postgres
--

CREATE TABLE public.auth_permission (
    id integer NOT NULL,
    name character varying(255) NOT NULL,
    content_type_id integer NOT NULL,
    codename character varying(100) NOT NULL
);


ALTER TABLE public.auth_permission OWNER TO postgres;

--
-- Name: auth_permission_id_seq; Type: SEQUENCE; Schema: public; Owner: postgres
--

ALTER TABLE public.auth_permission ALTER COLUMN id ADD GENERATED BY DEFAULT AS IDENTITY (
    SEQUENCE NAME public.auth_permission_id_seq
    START WITH 1
    INCREMENT BY 1
    NO MINVALUE
    NO MAXVALUE
    CACHE 1
);


--
-- Name: core_customuser; Type: TABLE; Schema: public; Owner: postgres
--

CREATE TABLE public.core_customuser (
    id bigint NOT NULL,
    password character varying(128) NOT NULL,
    last_login timestamp with time zone,
    is_superuser boolean NOT NULL,
    email character varying(254) NOT NULL,
    is_staff boolean NOT NULL,
    is_active boolean NOT NULL,
    date_joined timestamp with time zone NOT NULL
);


ALTER TABLE public.core_customuser OWNER TO postgres;

--
-- Name: core_customuser_groups; Type: TABLE; Schema: public; Owner: postgres
--

CREATE TABLE public.core_customuser_groups (
    id bigint NOT NULL,
    customuser_id bigint NOT NULL,
    group_id integer NOT NULL
);


ALTER TABLE public.core_customuser_groups OWNER TO postgres;

--
-- Name: core_customuser_groups_id_seq; Type: SEQUENCE; Schema: public; Owner: postgres
--

ALTER TABLE public.core_customuser_groups ALTER COLUMN id ADD GENERATED BY DEFAULT AS IDENTITY (
    SEQUENCE NAME public.core_customuser_groups_id_seq
    START WITH 1
    INCREMENT BY 1
    NO MINVALUE
    NO MAXVALUE
    CACHE 1
);


--
-- Name: core_customuser_id_seq; Type: SEQUENCE; Schema: public; Owner: postgres
--

ALTER TABLE public.core_customuser ALTER COLUMN id ADD GENERATED BY DEFAULT AS IDENTITY (
    SEQUENCE NAME public.core_customuser_id_seq
    START WITH 1
    INCREMENT BY 1
    NO MINVALUE
    NO MAXVALUE
    CACHE 1
);


--
-- Name: core_customuser_user_permissions; Type: TABLE; Schema: public; Owner: postgres
--

CREATE TABLE public.core_customuser_user_permissions (
    id bigint NOT NULL,
    customuser_id bigint NOT NULL,
    permission_id integer NOT NULL
);


ALTER TABLE public.core_customuser_user_permissions OWNER TO postgres;

--
-- Name: core_customuser_user_permissions_id_seq; Type: SEQUENCE; Schema: public; Owner: postgres
--

ALTER TABLE public.core_customuser_user_permissions ALTER COLUMN id ADD GENERATED BY DEFAULT AS IDENTITY (
    SEQUENCE NAME public.core_customuser_user_permissions_id_seq
    START WITH 1
    INCREMENT BY 1
    NO MINVALUE
    NO MAXVALUE
    CACHE 1
);


--
-- Name: core_employee; Type: TABLE; Schema: public; Owner: postgres
--

CREATE TABLE public.core_employee (
    id bigint NOT NULL,
    cellphone character varying(10) NOT NULL,
    sheet_name character varying(100) NOT NULL,
    is_active boolean NOT NULL,
    created_at timestamp with time zone NOT NULL,
    updated_at timestamp with time zone NOT NULL
);


ALTER TABLE public.core_employee OWNER TO postgres;

--
-- Name: core_employee_id_seq; Type: SEQUENCE; Schema: public; Owner: postgres
--

ALTER TABLE public.core_employee ALTER COLUMN id ADD GENERATED BY DEFAULT AS IDENTITY (
    SEQUENCE NAME public.core_employee_id_seq
    START WITH 1
    INCREMENT BY 1
    NO MINVALUE
    NO MAXVALUE
    CACHE 1
);


--
-- Name: core_invoice; Type: TABLE; Schema: public; Owner: postgres
--

CREATE TABLE public.core_invoice (
    id bigint NOT NULL,
    cellphone character varying(15) NOT NULL,
    invoice_date date,
    business_name character varying(255) NOT NULL,
    nit character varying(50) NOT NULL,
    invoice_number character varying(100) NOT NULL,
    original_value numeric(12,2),
    value numeric(12,2),
    was_corrected boolean NOT NULL,
    cost_center character varying(255) NOT NULL,
    concept text NOT NULL,
    file_path character varying(500) NOT NULL,
    is_pdf boolean NOT NULL,
    sheet_row integer,
    sheet_record_id character varying(50),
    status character varying(20) NOT NULL,
    created_at timestamp with time zone NOT NULL,
    updated_at timestamp with time zone NOT NULL,
    employee_id bigint
);


ALTER TABLE public.core_invoice OWNER TO postgres;

--
-- Name: core_invoice_id_seq; Type: SEQUENCE; Schema: public; Owner: postgres
--

ALTER TABLE public.core_invoice ALTER COLUMN id ADD GENERATED BY DEFAULT AS IDENTITY (
    SEQUENCE NAME public.core_invoice_id_seq
    START WITH 1
    INCREMENT BY 1
    NO MINVALUE
    NO MAXVALUE
    CACHE 1
);


--
-- Name: core_invoicesession; Type: TABLE; Schema: public; Owner: postgres
--

CREATE TABLE public.core_invoicesession (
    id bigint NOT NULL,
    cellphone character varying(15) NOT NULL,
    state character varying(30) NOT NULL,
    last_row integer,
    last_id character varying(50),
    invoice_id character varying(100),
    cost_center text,
    created_at timestamp with time zone NOT NULL,
    updated_at timestamp with time zone NOT NULL,
    current_invoice_id bigint
);


ALTER TABLE public.core_invoicesession OWNER TO postgres;

--
-- Name: core_invoicesession_id_seq; Type: SEQUENCE; Schema: public; Owner: postgres
--

ALTER TABLE public.core_invoicesession ALTER COLUMN id ADD GENERATED BY DEFAULT AS IDENTITY (
    SEQUENCE NAME public.core_invoicesession_id_seq
    START WITH 1
    INCREMENT BY 1
    NO MINVALUE
    NO MAXVALUE
    CACHE 1
);


--
-- Name: django_admin_log; Type: TABLE; Schema: public; Owner: postgres
--

CREATE TABLE public.django_admin_log (
    id integer NOT NULL,
    action_time timestamp with time zone NOT NULL,
    object_id text,
    object_repr character varying(200) NOT NULL,
    action_flag smallint NOT NULL,
    change_message text NOT NULL,
    content_type_id integer,
    user_id bigint NOT NULL,
    CONSTRAINT django_admin_log_action_flag_check CHECK ((action_flag >= 0))
);


ALTER TABLE public.django_admin_log OWNER TO postgres;

--
-- Name: django_admin_log_id_seq; Type: SEQUENCE; Schema: public; Owner: postgres
--

ALTER TABLE public.django_admin_log ALTER COLUMN id ADD GENERATED BY DEFAULT AS IDENTITY (
    SEQUENCE NAME public.django_admin_log_id_seq
    START WITH 1
    INCREMENT BY 1
    NO MINVALUE
    NO MAXVALUE
    CACHE 1
);


--
-- Name: django_content_type; Type: TABLE; Schema: public; Owner: postgres
--

CREATE TABLE public.django_content_type (
    id integer NOT NULL,
    app_label character varying(100) NOT NULL,
    model character varying(100) NOT NULL
);


ALTER TABLE public.django_content_type OWNER TO postgres;

--
-- Name: django_content_type_id_seq; Type: SEQUENCE; Schema: public; Owner: postgres
--

ALTER TABLE public.django_content_type ALTER COLUMN id ADD GENERATED BY DEFAULT AS IDENTITY (
    SEQUENCE NAME public.django_content_type_id_seq
    START WITH 1
    INCREMENT BY 1
    NO MINVALUE
    NO MAXVALUE
    CACHE 1
);


--
-- Name: django_migrations; Type: TABLE; Schema: public; Owner: postgres
--

CREATE TABLE public.django_migrations (
    id bigint NOT NULL,
    app character varying(255) NOT NULL,
    name character varying(255) NOT NULL,
    applied timestamp with time zone NOT NULL
);


ALTER TABLE public.django_migrations OWNER TO postgres;

--
-- Name: django_migrations_id_seq; Type: SEQUENCE; Schema: public; Owner: postgres
--

ALTER TABLE public.django_migrations ALTER COLUMN id ADD GENERATED BY DEFAULT AS IDENTITY (
    SEQUENCE NAME public.django_migrations_id_seq
    START WITH 1
    INCREMENT BY 1
    NO MINVALUE
    NO MAXVALUE
    CACHE 1
);


--
-- Name: django_session; Type: TABLE; Schema: public; Owner: postgres
--

CREATE TABLE public.django_session (
    session_key character varying(40) NOT NULL,
    session_data text NOT NULL,
    expire_date timestamp with time zone NOT NULL
);


ALTER TABLE public.django_session OWNER TO postgres;

--
-- Data for Name: auth_group; Type: TABLE DATA; Schema: public; Owner: postgres
--

COPY public.auth_group (id, name) FROM stdin;
\.


--
-- Data for Name: auth_group_permissions; Type: TABLE DATA; Schema: public; Owner: postgres
--

COPY public.auth_group_permissions (id, group_id, permission_id) FROM stdin;
\.


--
-- Data for Name: auth_permission; Type: TABLE DATA; Schema: public; Owner: postgres
--

COPY public.auth_permission (id, name, content_type_id, codename) FROM stdin;
1	Can add log entry	1	add_logentry
2	Can change log entry	1	change_logentry
3	Can delete log entry	1	delete_logentry
4	Can view log entry	1	view_logentry
5	Can add permission	3	add_permission
6	Can change permission	3	change_permission
7	Can delete permission	3	delete_permission
8	Can view permission	3	view_permission
9	Can add group	2	add_group
10	Can change group	2	change_group
11	Can delete group	2	delete_group
12	Can view group	2	view_group
13	Can add content type	4	add_contenttype
14	Can change content type	4	change_contenttype
15	Can delete content type	4	delete_contenttype
16	Can view content type	4	view_contenttype
17	Can add session	5	add_session
18	Can change session	5	change_session
19	Can delete session	5	delete_session
20	Can view session	5	view_session
21	Can add Empleado	7	add_employee
22	Can change Empleado	7	change_employee
23	Can delete Empleado	7	delete_employee
24	Can view Empleado	7	view_employee
25	Can add Sesión de factura	9	add_invoicesession
26	Can change Sesión de factura	9	change_invoicesession
27	Can delete Sesión de factura	9	delete_invoicesession
28	Can view Sesión de factura	9	view_invoicesession
29	Can add Usuario	6	add_customuser
30	Can change Usuario	6	change_customuser
31	Can delete Usuario	6	delete_customuser
32	Can view Usuario	6	view_customuser
33	Can add Factura	8	add_invoice
34	Can change Factura	8	change_invoice
35	Can delete Factura	8	delete_invoice
36	Can view Factura	8	view_invoice
\.


--
-- Data for Name: core_customuser; Type: TABLE DATA; Schema: public; Owner: postgres
--

COPY public.core_customuser (id, password, last_login, is_superuser, email, is_staff, is_active, date_joined) FROM stdin;
1	pbkdf2_sha256$1200000$HDxSmUS6F8GWkfA9oQ6khq$bNvxNXPFuI1REAEqrNlxE3AVRZGjsGiGeGGVsbtTrng=	2026-03-05 22:57:39.600788+00	t	cajamenor@solenium.co	t	t	2026-03-03 20:18:57.784916+00
\.


--
-- Data for Name: core_customuser_groups; Type: TABLE DATA; Schema: public; Owner: postgres
--

COPY public.core_customuser_groups (id, customuser_id, group_id) FROM stdin;
\.


--
-- Data for Name: core_customuser_user_permissions; Type: TABLE DATA; Schema: public; Owner: postgres
--

COPY public.core_customuser_user_permissions (id, customuser_id, permission_id) FROM stdin;
\.


--
-- Data for Name: core_employee; Type: TABLE DATA; Schema: public; Owner: postgres
--

COPY public.core_employee (id, cellphone, sheet_name, is_active, created_at, updated_at) FROM stdin;
1	3022929029	MARYAM 2025	t	2026-03-03 20:14:51.899074+00	2026-03-03 20:14:51.899089+00
2	3167349830	ALAN S 2025	t	2026-03-03 20:14:51.98973+00	2026-03-03 20:14:51.989744+00
3	3008402105	MIGUEL 2025	t	2026-03-03 20:14:51.995483+00	2026-03-03 20:14:51.995498+00
4	3156415067	LEIDI 2025	t	2026-03-03 20:14:52.000733+00	2026-03-03 20:14:52.000747+00
5	3146551897	QUOIA 2025	t	2026-03-03 20:14:52.006126+00	2026-03-03 20:14:52.006138+00
6	3185277341	HERNANDO 2025	t	2026-03-03 20:14:52.01186+00	2026-03-03 20:14:52.011871+00
7	3188719483	ALAN MARTINEZ 2025	t	2026-03-03 20:14:52.017555+00	2026-03-03 20:14:52.017566+00
8	3003833205	ALLAN GARCIA 2025	t	2026-03-03 20:14:52.022967+00	2026-03-03 20:14:52.022983+00
9	3002582774	BREINER 2025	t	2026-03-03 20:14:52.028743+00	2026-03-03 20:14:52.028754+00
10	3016193334	CAROLINA 2025	t	2026-03-03 20:14:52.034081+00	2026-03-03 20:14:52.034093+00
11	3107518872	MANTENIMIENTO 2025	t	2026-03-03 20:14:52.038802+00	2026-03-03 20:14:52.038815+00
12	3002397543	CAMILO R 2025	t	2026-03-03 20:14:52.043868+00	2026-03-03 20:14:52.043879+00
13	3107896008	MAURO 2025	t	2026-03-03 20:14:52.049813+00	2026-03-03 20:14:52.04983+00
14	3102411804	MILTON 2025	t	2026-03-03 20:14:52.055508+00	2026-03-03 20:14:52.055527+00
15	3107895840	JULIO 2025	t	2026-03-03 20:14:52.061587+00	2026-03-03 20:14:52.061604+00
16	3107895891	BENJAMIN 2025	t	2026-03-03 20:14:52.067296+00	2026-03-03 20:14:52.067311+00
17	3147313639	BAYRON 2025	t	2026-03-03 20:14:52.073116+00	2026-03-03 20:14:52.07313+00
18	3107895718	DERWIN 2025	t	2026-03-03 20:14:52.079297+00	2026-03-03 20:14:52.079313+00
19	3232209653	TRAB SOCIALES 2025	t	2026-03-03 20:14:52.085465+00	2026-03-03 20:14:52.085482+00
20	3234315193	JOSE 2025	t	2026-03-03 20:14:52.09145+00	2026-03-03 20:14:52.091466+00
21	3123890821	FABIAN 2025	t	2026-03-03 20:14:52.097611+00	2026-03-03 20:14:52.097623+00
22	3013538489	JORGE 2025	t	2026-03-03 20:14:52.10275+00	2026-03-03 20:14:52.102761+00
23	3148718780	VALERIA 2025	t	2026-03-03 20:14:52.108007+00	2026-03-03 20:14:52.108019+00
24	3167551820	SEBASTIAN	t	2026-03-03 20:14:52.113104+00	2026-03-03 20:14:52.113117+00
25	3150356069	OSWALD	t	2026-03-03 20:14:52.117863+00	2026-03-03 20:14:52.117875+00
26	3105120376	MICHEL	t	2026-03-03 20:14:52.127395+00	2026-03-03 20:14:52.127407+00
27	3235295777	CRISTIAN	t	2026-03-03 20:14:52.132688+00	2026-03-03 20:14:52.1327+00
28	3107249012	MANUEL	t	2026-03-03 20:14:52.137639+00	2026-03-03 20:14:52.137651+00
29	3015704270	EVER	t	2026-03-03 20:14:52.142514+00	2026-03-03 20:14:52.142526+00
30	3154972461	CELENIS	t	2026-03-03 20:14:52.147275+00	2026-03-03 20:14:52.147287+00
31	3166799509	DIEGO	t	2026-03-03 20:14:52.151938+00	2026-03-03 20:14:52.15195+00
32	3014261053	J FERNANDO	t	2026-03-04 13:21:47.458807+00	2026-03-04 13:21:47.458817+00
\.


--
-- Data for Name: core_invoice; Type: TABLE DATA; Schema: public; Owner: postgres
--

COPY public.core_invoice (id, cellphone, invoice_date, business_name, nit, invoice_number, original_value, value, was_corrected, cost_center, concept, file_path, is_pdf, sheet_row, sheet_record_id, status, created_at, updated_at, employee_id) FROM stdin;
13	573148718780	2026-03-02	SUPERMATERIALES ALS TUCHIN S.A.S	901697250-8	CTFE17133	319400.00	319400.00	f	MGS_0030	Elementos de construcción	archivos_img/573148718780_20260303_192310.jpg	f	79	1	confirmed	2026-03-04 00:23:13.077549+00	2026-03-04 00:23:33.761502+00	23
8	573008402105	2026-03-03	AUTOPISTA DEL RIO GRANDE SAS	901.607.093-1	425373	14800.00	14800.00	f	MGS_0012	PEAJE	archivos_img/573008402105_20260303_162007.jpg	f	587	14	confirmed	2026-03-03 21:20:09.08442+00	2026-03-03 21:20:17.871628+00	3
17	573022929029	2026-03-02	AppleLab	1065.814.434-4	0050	100000.00	100000.00	f	MGS_0073	Servicio de reparación de teléfono corporativo para técnico eléctrico	archivos_pdf/CamScanner 02-03-2026 13.15.pdf	t	513	2	confirmed	2026-03-04 13:21:06.343481+00	2026-03-04 13:21:15.202506+00	1
21	573167349830	2026-03-02	TIENDAS Ara	900,480,569-1	J12C093217	123850.00	123850.00	f	Mgs-0032	Suministros y refrigerio para obra	archivos_img/573167349830_20260304_111101.jpg	f	788	3	confirmed	2026-03-04 16:11:03.888416+00	2026-03-04 16:11:20.932462+00	2
2	573107895891	2026-03-03	BANCOLOMBIA	ERROR	4395	200000.00	200000.00	f	Viáticos	Colmagt 254	archivos_img/573107895891_20260303_152423.jpg	f	172	1	confirmed	2026-03-03 20:24:25.834495+00	2026-03-03 20:24:37.649157+00	16
24	573167349830	2026-03-02	INVERSIONES OSPINO HERRERA & CIA S EN C	812.008.071-5	LE87688	112000.00	112000.00	f	Mgs-0028	Suministro para obra	archivos_img/573167349830_20260304_111940.jpg	f	791	6	confirmed	2026-03-04 16:19:42.59111+00	2026-03-04 16:19:57.193463+00	2
9	573105120376	2026-03-03	SOLUCIONES Y SERVICIOS LTELL SAS	902.033.527-3	FDV4	60000.00	60000.00	f	MGS_0064	lavado de camioneta de los proyectos de jerico	archivos_img/573105120376_20260303_163242.jpg	f	810	32	confirmed	2026-03-03 21:32:44.610635+00	2026-03-03 21:33:13.439883+00	26
3	573107249012	2026-03-03	HORNEADOS Y PANES MR PAN	77177666-5	MP7268	25000.00	25000.00	f	MGS_0037	Refrigerio	archivos_pdf/77177666-5.pdf	t	391	4	confirmed	2026-03-03 20:26:13.482872+00	2026-03-03 20:27:01.378329+00	28
18	573002397543	2026-03-04	JERONIMO MARTINS COLOMBIA S.A.S.	900.480.569-1	259B164622	5900.00	5900.00	f	MGS_0074	BOLSAS Y AGUA	archivos_pdf/231972202603040739000500020259.pdf	t	414	6	confirmed	2026-03-04 13:21:35.356805+00	2026-03-04 13:22:22.947217+00	12
4	573008402105	2026-03-03	AUTOPISTA DEL RIO GRANDE SAS	901.607.093-1	683424	14800.00	14800.00	f	MGS_0012	PEAJE	archivos_img/573008402105_20260303_154407.jpg	f	585	12	confirmed	2026-03-03 20:44:09.473172+00	2026-03-03 20:44:25.434816+00	3
10	573107896008	2026-03-03	BANCOLOMBIA	ERROR	7234	200000.00	200000.00	f	Minigranja comercial	Minigranja comercial (retiro)	archivos_pdf/CamScanner 03-03-2026 17.56.pdf	t	230	1	confirmed	2026-03-03 22:58:33.1813+00	2026-03-03 22:58:41.695005+00	13
5	573008402105	2026-03-03	PEAJE Rincon Hondo	800.215.807-2	511560	14700.00	14700.00	f	MGS_0012	PEAJE	archivos_img/573008402105_20260303_154546.jpg	f	586	13	confirmed	2026-03-03 20:45:49.227696+00	2026-03-03 20:45:55.2852+00	3
28	573102411804	2026-03-03	Da Sandra Restaurant	33201334-8	FEDS2040	20000.00	20000.00	f	Almuerzo	Colcest 611	archivos_pdf/Factura de venta electrónica FEDS2040.pdf	t	334	3	confirmed	2026-03-04 16:48:39.13071+00	2026-03-04 16:48:54.641179+00	14
15	573235295777	2026-03-03	DEIFAN DEL CARMEN LOPEZ NARVAEZ	30567512-2	DLFE229	420000.00	420000.00	f	MGS_0080	Soga marina y soldadura PVC	archivos_pdf/dian_DLFE229.pdf	t	22	2	confirmed	2026-03-04 01:40:33.841052+00	2026-03-04 01:41:13.699973+00	27
11	573107896008	2026-03-03	TOTUMAZO Magangueleño	1.052.997.604-7	0195	20000.00	20000.00	f	COLSUCT4	Almuerzo	archivos_pdf/CamScanner 03-03-2026 17.55.pdf	t	231	2	confirmed	2026-03-03 22:59:21.775734+00	2026-03-03 22:59:31.857396+00	13
22	573167349830	2020-03-02	Los mangos	77.101.617-8	1562	56000.00	56000.00	f	Mgs-0028	Alimentación para colaboradores	archivos_img/573167349830_20260304_111305.jpg	f	789	4	confirmed	2026-03-04 16:13:08.127886+00	2026-03-04 16:13:16.107717+00	2
19	573167349830	2026-03-03	ALDAIR POSADA GUTIERREZ	1003172847-0	7	170000.00	170000.00	f	Mgs-0028	Suministro de hielo	archivos_pdf/HIELO.pdf	t	786	1	confirmed	2026-03-04 16:06:02.966865+00	2026-03-04 16:06:29.43838+00	2
7	573107249012	2026-02-03	LUIS ALBERTO MONSALVO RAMIREZ	12710489-8	S369160	10000.00	10000.00	f	MGS_0037	gasolina Jericó	archivos_pdf/ED2S-369160.pdf	t	392	5	confirmed	2026-03-03 20:53:22.078302+00	2026-03-03 20:53:37.77152+00	28
12	573107895840	2026-03-03	BANCOLOMBIA	ERROR	4069	490000.00	490000.00	f	RECARGA	Recarga	archivos_img/573107895840_20260303_184354.jpg	f	231	3	confirmed	2026-03-03 23:43:56.914886+00	2026-03-03 23:44:39.212677+00	15
16	573022929029	2026-03-04	FERROCALES & CARBUROS	63.360.764-1	ERROR	60000.00	60000.00	f	MGS_0073, EPC PROYECTOS	Pago de transporte a sitio de arena, grava y cemento	archivos_img/573022929029_20260304_081844.jpg	f	512	1	confirmed	2026-03-04 13:18:47.335749+00	2026-03-04 13:19:01.407714+00	1
32	573105120376	2026-03-04	QUINTERO OBREGON CARLOS DANIEL	77027088	1ESM44266	20000.00	20000.00	f	MGS_0019	tanqueo para visitas en los proyectos	archivos_img/573105120376_20260304_135413.jpg	f	811	33	confirmed	2026-03-04 18:54:15.945494+00	2026-03-04 18:54:32.848399+00	26
25	573167349830	2026-03-03	Los mangos	77.101.617-8	1575	41000.00	41000.00	f	Mgs-0028	Alimentación para colaboradores	archivos_img/573167349830_20260304_112130.jpg	f	792	7	confirmed	2026-03-04 16:21:32.276195+00	2026-03-04 16:21:38.557341+00	2
20	573167349830	2026-03-03	ALDAIR POSADA GUTIERREZ	1003172847-0	N°7	50000.00	50000.00	f	Mgs-0028	Papelería para sst	archivos_pdf/PAPELERIA SST.pdf	t	787	2	confirmed	2026-03-04 16:08:52.679386+00	2026-03-04 16:09:01.408291+00	2
23	573167349830	2026-03-03	FERRETACHO	1.085.984.816-2	ERROR	77000.00	77000.00	f	Mgs-0028	Suministro para obra	archivos_img/573167349830_20260304_111430.jpg	f	790	5	confirmed	2026-03-04 16:14:32.65071+00	2026-03-04 16:14:40.059928+00	2
27	573167349830	2026-03-02	GUERRA MENDOZA EDUARDO JOSE	8289559	AQL1269	78000.00	78000.00	f	Mgs-0032	Hidratación para obra	archivos_pdf/PDF-8289559-AQL1269 SOLENIUM fac elect Mar 2 x20.pdf	t	794	9	confirmed	2026-03-04 16:25:22.189322+00	2026-03-04 16:25:32.217559+00	2
33	573107895891	2026-03-03	HOTEL IMPERIO LEÓN	37.651.866-9	0293	80000.00	80000.00	f	Hospedaje	Colmagt 254	archivos_img/573107895891_20260304_142532.jpg	f	173	2	confirmed	2026-03-04 19:25:34.779788+00	2026-03-04 19:25:43.162723+00	16
26	573167349830	2026-03-04	ANEDSCHA	91250790-3	1890	129728.00	129728.00	f	Mgs-0032	Combustible	archivos_img/573167349830_20260304_112314.jpg	f	793	8	confirmed	2026-03-04 16:23:16.775375+00	2026-03-04 16:23:58.808995+00	2
30	573022929029	2026-03-04	BFC - DISTRIBUIDORA BARFACAR S.A.S.	901.318.791-2	FEV00006518	112000.00	112000.00	f	EPC proyectos	Iniciador de batería	archivos_img/573022929029_20260304_121215.jpg	f	514	3	confirmed	2026-03-04 17:12:18.476228+00	2026-03-04 17:18:30.245047+00	1
29	573102411804	2004-03-26	OLIMPICA S.A.	890107487-3	07UH000041681	21900.00	21900.00	f	Almuerzo	Colcest 424	archivos_pdf/CamScanner 04-03-2026 11.49.pdf	t	335	4	confirmed	2026-03-04 16:50:23.955325+00	2026-03-04 16:50:31.230633+00	14
31	573107895718	\N	ERROR	ERROR	ERROR	20000.00	20000.00	f	COLATLT4	Almuerzo	archivos_pdf/CamScanner 04-03-2026 12.48.pdf	t	150	3	confirmed	2026-03-04 17:49:19.91108+00	2026-03-04 17:49:34.334418+00	18
34	573107249012	2026-03-04	LUIS CARLOS VILORIA NISPERUZA	1065612280	23	120000.00	120000.00	f	MGS_0037	compra de repelente para abejas	archivos_pdf/CUENTA DE COBRO #23-1.pdf	t	393	6	confirmed	2026-03-04 19:43:32.114848+00	2026-03-04 19:43:52.9216+00	28
35	573102411804	2026-03-04	FERNANDEZ DE RODRIGUEZ ODALIS	26723407	FVEO126	60000.00	60000.00	f	Pago hotel	Colcest 424	archivos_pdf/PDF-26723407-FVEO126.pdf	t	336	5	confirmed	2026-03-04 20:23:04.547629+00	2026-03-04 20:23:15.024468+00	14
36	573002397543	2026-03-04	JUAN CARLOS RAMIREZ LOZANO	1143450236	001	300000.00	300000.00	f	MGS_0074	transporte barranquilla-molinero	archivos_pdf/CUENTA COBRO MARZO JUAN RAMIREZ.pdf	t	415	7	confirmed	2026-03-04 20:55:03.054128+00	2026-03-04 20:55:19.015085+00	12
37	573002397543	\N	ERROR	ERROR	ERROR	900000.00	4581.00	t	MGS_0074	Costo de operación	archivos_img/573002397543_20260304_162926.jpg	f	416	8	confirmed	2026-03-04 21:29:32.03565+00	2026-03-04 21:30:57.873752+00	12
49	573154972461	2026-03-05	Yuma Concesionaria S.A.	900373092-2	6030160111006013936	12500.00	12500.00	f	MGS 0086	Peaje	archivos_img/573154972461_20260305_104102.jpg	f	32	11	confirmed	2026-03-05 15:41:04.336749+00	2026-03-05 15:44:15.785974+00	30
44	573107249012	2026-04-03	BANCOLOMBIA	ERROR	ERROR	190000.00	4581.00	t	MGS_0037	retiro Bancolombia	archivos_pdf/3997.pdf	t	394	7	confirmed	2026-03-05 15:29:43.379061+00	2026-03-05 15:31:02.670695+00	28
38	573107895840	2026-02-04	Parador Curiti	ERROR	ERROR	22000.00	22000.00	f	Colsant365	Almuerzo	archivos_img/573107895840_20260304_174353.jpg	f	235	7	confirmed	2026-03-04 22:43:55.246723+00	2026-03-04 22:44:16.785646+00	15
53	573002582774	2026-03-05	F2X SAS	900219834-2	200610000128831	15800.00	15800.00	f	Ladrillera del Meta	Peaje vehiculo	archivos_img/573002582774_20260305_131424.jpg	f	576	4	confirmed	2026-03-05 18:14:27.184718+00	2026-03-05 18:14:33.174674+00	9
39	573107896008	2026-03-04	EL PAISA.COM	1.100.693.185-0	0089	20000.00	20000.00	f	COLBOLT5 Y COLBOLT8	Almuerzo	archivos_pdf/CamScanner 04-03-2026 18.02.pdf	t	233	3	confirmed	2026-03-04 23:03:28.051783+00	2026-03-04 23:03:35.495756+00	13
45	573154972461	2026-03-04	OSCAR RUBIE NORIEGA RODRIGUEZ	72195176-6	IS89245	160669.00	160669.00	f	MGS 0078	Tanqueo de camioneta	archivos_img/573154972461_20260305_103447.jpg	f	28	7	confirmed	2026-03-05 15:34:50.048513+00	2026-03-05 15:35:40.982176+00	30
40	573235295777	2026-03-04	FERNANDEZ DIAZ ROY EDUARDO	78675923	A1150	20000.00	20000.00	f	MGS_0080	Fotocopias ATS, carnetización.	archivos_pdf/PDF-78675923-A1150.pdf	t	23	3	confirmed	2026-03-05 02:29:05.854966+00	2026-03-05 02:29:19.010181+00	27
50	573002582774	2026-03-02	CONCESION VIAL DE LOS LLANOS	900.843.297.2	C031200310003594169	15800.00	15800.00	f	Ladrillera del Meta	Peaje vehiculo	archivos_img/573002582774_20260305_131052.jpg	f	573	1	confirmed	2026-03-05 18:10:54.490208+00	2026-03-05 18:11:26.903638+00	9
41	573015704270	2026-03-03	BANCOLOMBIA	ERROR	8989	1000000.00	1000000.00	f	MGS_0081	Retiro en cajero automático para el compañero José Teherán	archivos_img/573015704270_20260304_215353.jpg	f	23	2	confirmed	2026-03-05 02:53:55.80084+00	2026-03-05 02:54:31.960317+00	29
46	573154972461	2026-03-04	CURUMANI	72195176-6	151274	35000.00	35000.00	f	MGS 0078	Aceite 15w 40 diesel	archivos_img/573154972461_20260305_103647.jpg	f	29	8	confirmed	2026-03-05 15:36:49.711622+00	2026-03-05 15:37:10.3571+00	30
62	573107249012	2026-05-03	FERRETERIA SAN VICTORIA	77091010-3	FVJ768	56000.00	56000.00	f	MGS_0037	lona verde	archivos_pdf/FVJ-768.pdf	t	396	9	confirmed	2026-03-05 20:51:40.026285+00	2026-03-05 20:51:48.641053+00	28
42	573235295777	2026-03-04	DEIFAN DEL CARMEN LOPEZ NARVAEZ	30567512-2	DLFE230	180000.00	180000.00	f	MGS_0080	soga marina N°8, para instalación de tuberia.	archivos_pdf/dian_DLFE230.pdf	t	24	4	confirmed	2026-03-05 03:53:28.67004+00	2026-03-05 04:01:05.331165+00	27
54	573015704270	2026-03-05	Ferreconstructores J3	1143342474-5	7452	26000.00	26000.00	f	MGS_0081	Polisombra	archivos_img/573015704270_20260305_135805.jpg	f	24	3	confirmed	2026-03-05 18:58:07.997062+00	2026-03-05 18:58:41.175886+00	29
51	573002582774	2026-03-02	F2X SAS	900219834-2	200610000124563	15800.00	15800.00	f	Ladrillera del Meta	Peaje vehiculo	archivos_img/573002582774_20260305_131243.jpg	f	574	2	confirmed	2026-03-05 18:12:46.105511+00	2026-03-05 18:12:54.07041+00	9
47	573154972461	2026-03-04	Instituto Nacional de Vias	800215.807-2	1161195	7400.00	7400.00	f	MGS 0078	Peaje	archivos_img/573154972461_20260305_103840.jpg	f	30	9	confirmed	2026-03-05 15:38:42.614334+00	2026-03-05 15:38:53.461779+00	30
43	573002397543	2026-03-05	D1 SAS	900276962	K2Q3123757	9750.00	9750.00	f	MGS_0074	AGUA Y GATORADE	archivos_pdf/a21686a1031a9c84475efcb3eaf2e44c4529b38ae16708362f01ae998905c3e59248f0c665b48ecd03f29a74b01f5ffd.pdf	t	417	9	confirmed	2026-03-05 12:51:19.575084+00	2026-03-05 12:51:29.999548+00	12
59	573107895840	2026-03-05	Restorante Rancho loco	ERROR	ERROR	24000.00	24000.00	f	COLSANT6	Almuerzo	archivos_img/573107895840_20260305_150911.jpg	f	236	8	confirmed	2026-03-05 20:09:12.912719+00	2026-03-05 20:09:20.782507+00	15
57	573107249012	2026-03-05	Q. BEDS JA ESMERALDA SA. S	9015396177	51159546	100000.00	100000.00	f	MGS_003MGS_0037	Combustible para camioneta Jericó	archivos_pdf/51159546.pdf	t	395	8	confirmed	2026-03-05 19:25:06.983408+00	2026-03-05 19:25:43.933015+00	28
48	573154972461	2026-03-04	PEAJE Rincon Hondo	800.215.807-2	375172	14700.00	14700.00	f	MGS 0078	Peaje	archivos_img/573154972461_20260305_103952.jpg	f	31	10	confirmed	2026-03-05 15:39:54.863698+00	2026-03-05 15:40:02.025836+00	30
52	573002582774	2026-03-05	MASSER SAS	900491889-0	KX34121276	50000.00	50000.00	f	Ladrillera del Meta	Combustible para vehículo	archivos_img/573002582774_20260305_131331.jpg	f	575	3	confirmed	2026-03-05 18:13:33.778679+00	2026-03-05 18:13:45.047748+00	9
55	573015704270	2026-03-05	SANTO DOMINGO	1.100.547.384-5	5777	30000.00	30000.00	f	MGS_0081	Listones para almacén provisional	archivos_img/573015704270_20260305_135946.jpg	f	25	4	confirmed	2026-03-05 18:59:48.656602+00	2026-03-05 18:59:59.190012+00	29
61	573154972461	2026-03-05	U.T. PEAJES NACIONALES	901.533.793-8	1162079	7400.00	7400.00	f	MGS 0086	Peaje	archivos_img/573154972461_20260305_154150.jpg	f	33	12	confirmed	2026-03-05 20:41:52.68457+00	2026-03-05 20:42:05.665837+00	30
58	573105120376	2026-03-05	Q.B LDS LA ESMERALDA S. A. S	901539617-7	EQB627416	115686.00	115686.00	f	MGS_0064	tanqueo de camioneta para apoyo en valledupar	archivos_img/573105120376_20260305_143416.jpg	f	812	34	confirmed	2026-03-05 19:34:18.664004+00	2026-03-05 19:34:46.775186+00	26
56	573002397543	2026-03-05	FERRETERIA E INVERSIONES LA ROCA	901018388-2	MYFR18482	82500.00	82500.00	f	MGS_0074	CUERDA Y POLISOMBRA	archivos_img/573002397543_20260305_140844.jpg	f	418	10	confirmed	2026-03-05 19:08:46.86014+00	2026-03-05 19:08:55.522581+00	12
60	573002582774	2026-03-05	CONCESION VIAL DE LOS LLANOS	900.843.297.2	C041200410002618765	15800.00	15800.00	f	Ladrillera del Meta	Peaje vehiculo	archivos_img/573002582774_20260305_151832.jpg	f	577	5	confirmed	2026-03-05 20:18:34.745823+00	2026-03-05 20:18:43.269079+00	9
64	573107518872	2026-03-02	MI REY	56097350-3	2952	18000.00	18000.00	f	MGS_0010	Almuerzos	archivos_img/573107518872_20260305_164551.jpg	f	427	2	confirmed	2026-03-05 21:45:53.78767+00	2026-03-05 21:46:36.283904+00	11
63	573107518872	\N	MI REY	56097350-3	2953	18000.00	18000.00	f	MGS_0010	Almuerzo	archivos_img/573107518872_20260305_164313.jpg	f	426	1	confirmed	2026-03-05 21:43:15.912722+00	2026-03-05 21:43:29.073489+00	11
65	573107518872	2026-03-09	MI REY	56097350-3	2972	36000.00	36000.00	f	MGS_0009	Almuerzos	archivos_img/573107518872_20260305_164952.jpg	f	428	3	confirmed	2026-03-05 21:49:54.152668+00	2026-03-05 21:50:00.335822+00	11
66	573107895891	2026-03-04	NUEVA BETANIA	39.066.470-4	1862	70000.00	70000.00	f	hospedaje	Colmagt 326	archivos_img/573107895891_20260305_181042.jpg	f	178	4	confirmed	2026-03-05 23:10:44.514243+00	2026-03-05 23:10:53.012448+00	16
\.


--
-- Data for Name: core_invoicesession; Type: TABLE DATA; Schema: public; Owner: postgres
--

COPY public.core_invoicesession (id, cellphone, state, last_row, last_id, invoice_id, cost_center, created_at, updated_at, current_invoice_id) FROM stdin;
9	573235295777	idle	24	4	DLFE230	MGS_0080	2026-03-04 01:40:31.178499+00	2026-03-05 04:08:39.215634+00	42
12	573167349830	idle	794	9	AQL1269	Mgs-0032	2026-03-04 16:06:00.011157+00	2026-03-04 16:25:59.280172+00	27
13	573102411804	idle	336	5	FVEO126	Pago hotel	2026-03-04 16:48:36.482255+00	2026-03-04 20:23:37.690665+00	35
5	573105120376	idle	812	34	EQB627416	MGS_0064	2026-03-03 21:32:42.306578+00	2026-03-05 19:35:33.320313+00	58
18	573107518872	idle	428	3	2972	MGS_0009	2026-03-05 21:43:13.768219+00	2026-03-05 21:50:29.52004+00	65
7	573107895840	idle	236	8	ERROR	COLSANT6	2026-03-03 23:43:54.849139+00	2026-03-05 20:09:39.660886+00	59
2	573107895891	idle	178	4	1862	hospedaje	2026-03-03 20:24:23.917039+00	2026-03-05 23:11:29.059081+00	66
8	573148718780	idle	79	1	CTFE17133	MGS_0030	2026-03-04 00:23:10.987298+00	2026-03-04 00:23:59.466351+00	13
17	573002582774	idle	577	5	C041200410002618765	Ladrillera del Meta	2026-03-05 18:10:52.02982+00	2026-03-05 20:19:56.971691+00	60
10	573022929029	idle	514	3	FEV00006518	EPC proyectos	2026-03-04 13:18:44.984001+00	2026-03-04 17:19:24.515241+00	30
16	573154972461	idle	33	12	1162079	MGS 0086	2026-03-05 15:34:47.661842+00	2026-03-05 20:42:40.979793+00	61
6	573107896008	idle	233	3	0089	COLBOLT5 Y COLBOLT8	2026-03-03 22:58:30.409442+00	2026-03-04 23:03:42.26522+00	39
1	573113650288	idle	18	3	4587184	New test	2026-03-03 20:20:24.790249+00	2026-03-04 00:49:23.079533+00	\N
4	573008402105	idle	587	14	425373	MGS_0012	2026-03-03 20:44:07.166331+00	2026-03-03 21:20:25.747936+00	8
14	573107895718	idle	150	3	ERROR	COLATLT4	2026-03-04 17:49:17.174223+00	2026-03-04 17:49:54.217392+00	31
3	573107249012	idle	396	9	FVJ768	MGS_0037	2026-03-03 20:26:10.64247+00	2026-03-05 20:52:25.397022+00	62
15	573015704270	idle	25	4	5777	MGS_0081	2026-03-05 02:53:53.470633+00	2026-03-05 19:00:50.038342+00	55
11	573002397543	idle	418	10	MYFR18482	MGS_0074	2026-03-04 13:21:32.40168+00	2026-03-05 19:09:06.891833+00	56
\.


--
-- Data for Name: django_admin_log; Type: TABLE DATA; Schema: public; Owner: postgres
--

COPY public.django_admin_log (id, action_time, object_id, object_repr, action_flag, change_message, content_type_id, user_id) FROM stdin;
1	2026-03-04 12:18:00.150949+00	14	#14 NOVALITO BAMOS SAS — $163005.00 (Confirmada)	3		8	1
2	2026-03-04 12:18:00.151026+00	6	#6 NOVALITO BAMOS SAS — $163005.00 (Confirmada)	3		8	1
3	2026-03-04 12:18:00.151058+00	1	#1 GUERRA MENDOZA EDUARDO JOSE — $45678.35 (Confirmada)	3		8	1
4	2026-03-04 13:21:47.464158+00	32	J FERNANDO (3014261053)	1	[{"added": {}}]	7	1
\.


--
-- Data for Name: django_content_type; Type: TABLE DATA; Schema: public; Owner: postgres
--

COPY public.django_content_type (id, app_label, model) FROM stdin;
1	admin	logentry
2	auth	group
3	auth	permission
4	contenttypes	contenttype
5	sessions	session
6	core	customuser
7	core	employee
8	core	invoice
9	core	invoicesession
\.


--
-- Data for Name: django_migrations; Type: TABLE DATA; Schema: public; Owner: postgres
--

COPY public.django_migrations (id, app, name, applied) FROM stdin;
1	core	0001_initial	2026-03-03 20:14:50.6772+00
2	core	0002_alter_employee_options_alter_invoicesession_options_and_more	2026-03-03 20:14:50.690962+00
3	contenttypes	0001_initial	2026-03-03 20:14:50.708405+00
4	contenttypes	0002_remove_content_type_name	2026-03-03 20:14:50.716756+00
5	auth	0001_initial	2026-03-03 20:14:50.787679+00
6	auth	0002_alter_permission_name_max_length	2026-03-03 20:14:50.794016+00
7	auth	0003_alter_user_email_max_length	2026-03-03 20:14:50.799468+00
8	auth	0004_alter_user_username_opts	2026-03-03 20:14:50.805744+00
9	auth	0005_alter_user_last_login_null	2026-03-03 20:14:50.811642+00
10	auth	0006_require_contenttypes_0002	2026-03-03 20:14:50.813926+00
11	auth	0007_alter_validators_add_error_messages	2026-03-03 20:14:50.819111+00
12	auth	0008_alter_user_username_max_length	2026-03-03 20:14:50.824625+00
13	auth	0009_alter_user_last_name_max_length	2026-03-03 20:14:50.83208+00
14	auth	0010_alter_group_name_max_length	2026-03-03 20:14:50.841843+00
15	auth	0011_update_proxy_permissions	2026-03-03 20:14:50.850281+00
16	auth	0012_alter_user_first_name_max_length	2026-03-03 20:14:50.858219+00
17	core	0003_customuser	2026-03-03 20:14:50.933601+00
18	admin	0001_initial	2026-03-03 20:14:50.97073+00
19	admin	0002_logentry_remove_auto_add	2026-03-03 20:14:50.978998+00
20	admin	0003_logentry_add_action_flag_choices	2026-03-03 20:14:50.987217+00
21	core	0004_invoice_and_session_update	2026-03-03 20:14:51.025484+00
22	core	0005_alter_employee_sheet_name	2026-03-03 20:14:51.039819+00
23	core	0006_alter_invoice_invoice_date	2026-03-03 20:14:51.063919+00
24	sessions	0001_initial	2026-03-03 20:14:51.090859+00
\.


--
-- Data for Name: django_session; Type: TABLE DATA; Schema: public; Owner: postgres
--

COPY public.django_session (session_key, session_data, expire_date) FROM stdin;
vz2mja1uzqkimf6asliu8j8ep9et6cdq	.eJxVjEEOgjAQRe_StWlmhhasS_ecgQydqaCmTSisjHdXEha6_e-9_zIDb-s0bFWXYRZzMWhOv9vI8aF5B3LnfCs2lrwu82h3xR602r6IPq-H-3cwcZ2-te9Ci0SUwCUn3iXxDWqA6CQAdIiSUpOEKMSGuD17BHCjQhcZgVTN-wO82Dco:1vxm75:SPVclxsqEd0EK1ulh1ud1ST2XtPtZ-2Id9VqDiGv1I8	2026-03-18 13:18:07.541983+00
\.


--
-- Name: auth_group_id_seq; Type: SEQUENCE SET; Schema: public; Owner: postgres
--

SELECT pg_catalog.setval('public.auth_group_id_seq', 1, false);


--
-- Name: auth_group_permissions_id_seq; Type: SEQUENCE SET; Schema: public; Owner: postgres
--

SELECT pg_catalog.setval('public.auth_group_permissions_id_seq', 1, false);


--
-- Name: auth_permission_id_seq; Type: SEQUENCE SET; Schema: public; Owner: postgres
--

SELECT pg_catalog.setval('public.auth_permission_id_seq', 36, true);


--
-- Name: core_customuser_groups_id_seq; Type: SEQUENCE SET; Schema: public; Owner: postgres
--

SELECT pg_catalog.setval('public.core_customuser_groups_id_seq', 1, false);


--
-- Name: core_customuser_id_seq; Type: SEQUENCE SET; Schema: public; Owner: postgres
--

SELECT pg_catalog.setval('public.core_customuser_id_seq', 1, true);


--
-- Name: core_customuser_user_permissions_id_seq; Type: SEQUENCE SET; Schema: public; Owner: postgres
--

SELECT pg_catalog.setval('public.core_customuser_user_permissions_id_seq', 1, false);


--
-- Name: core_employee_id_seq; Type: SEQUENCE SET; Schema: public; Owner: postgres
--

SELECT pg_catalog.setval('public.core_employee_id_seq', 32, true);


--
-- Name: core_invoice_id_seq; Type: SEQUENCE SET; Schema: public; Owner: postgres
--

SELECT pg_catalog.setval('public.core_invoice_id_seq', 66, true);


--
-- Name: core_invoicesession_id_seq; Type: SEQUENCE SET; Schema: public; Owner: postgres
--

SELECT pg_catalog.setval('public.core_invoicesession_id_seq', 18, true);


--
-- Name: django_admin_log_id_seq; Type: SEQUENCE SET; Schema: public; Owner: postgres
--

SELECT pg_catalog.setval('public.django_admin_log_id_seq', 4, true);


--
-- Name: django_content_type_id_seq; Type: SEQUENCE SET; Schema: public; Owner: postgres
--

SELECT pg_catalog.setval('public.django_content_type_id_seq', 9, true);


--
-- Name: django_migrations_id_seq; Type: SEQUENCE SET; Schema: public; Owner: postgres
--

SELECT pg_catalog.setval('public.django_migrations_id_seq', 24, true);


--
-- Name: auth_group auth_group_name_key; Type: CONSTRAINT; Schema: public; Owner: postgres
--

ALTER TABLE ONLY public.auth_group
    ADD CONSTRAINT auth_group_name_key UNIQUE (name);


--
-- Name: auth_group_permissions auth_group_permissions_group_id_permission_id_0cd325b0_uniq; Type: CONSTRAINT; Schema: public; Owner: postgres
--

ALTER TABLE ONLY public.auth_group_permissions
    ADD CONSTRAINT auth_group_permissions_group_id_permission_id_0cd325b0_uniq UNIQUE (group_id, permission_id);


--
-- Name: auth_group_permissions auth_group_permissions_pkey; Type: CONSTRAINT; Schema: public; Owner: postgres
--

ALTER TABLE ONLY public.auth_group_permissions
    ADD CONSTRAINT auth_group_permissions_pkey PRIMARY KEY (id);


--
-- Name: auth_group auth_group_pkey; Type: CONSTRAINT; Schema: public; Owner: postgres
--

ALTER TABLE ONLY public.auth_group
    ADD CONSTRAINT auth_group_pkey PRIMARY KEY (id);


--
-- Name: auth_permission auth_permission_content_type_id_codename_01ab375a_uniq; Type: CONSTRAINT; Schema: public; Owner: postgres
--

ALTER TABLE ONLY public.auth_permission
    ADD CONSTRAINT auth_permission_content_type_id_codename_01ab375a_uniq UNIQUE (content_type_id, codename);


--
-- Name: auth_permission auth_permission_pkey; Type: CONSTRAINT; Schema: public; Owner: postgres
--

ALTER TABLE ONLY public.auth_permission
    ADD CONSTRAINT auth_permission_pkey PRIMARY KEY (id);


--
-- Name: core_customuser core_customuser_email_key; Type: CONSTRAINT; Schema: public; Owner: postgres
--

ALTER TABLE ONLY public.core_customuser
    ADD CONSTRAINT core_customuser_email_key UNIQUE (email);


--
-- Name: core_customuser_groups core_customuser_groups_customuser_id_group_id_7990e9c6_uniq; Type: CONSTRAINT; Schema: public; Owner: postgres
--

ALTER TABLE ONLY public.core_customuser_groups
    ADD CONSTRAINT core_customuser_groups_customuser_id_group_id_7990e9c6_uniq UNIQUE (customuser_id, group_id);


--
-- Name: core_customuser_groups core_customuser_groups_pkey; Type: CONSTRAINT; Schema: public; Owner: postgres
--

ALTER TABLE ONLY public.core_customuser_groups
    ADD CONSTRAINT core_customuser_groups_pkey PRIMARY KEY (id);


--
-- Name: core_customuser core_customuser_pkey; Type: CONSTRAINT; Schema: public; Owner: postgres
--

ALTER TABLE ONLY public.core_customuser
    ADD CONSTRAINT core_customuser_pkey PRIMARY KEY (id);


--
-- Name: core_customuser_user_permissions core_customuser_user_per_customuser_id_permission_49ea742a_uniq; Type: CONSTRAINT; Schema: public; Owner: postgres
--

ALTER TABLE ONLY public.core_customuser_user_permissions
    ADD CONSTRAINT core_customuser_user_per_customuser_id_permission_49ea742a_uniq UNIQUE (customuser_id, permission_id);


--
-- Name: core_customuser_user_permissions core_customuser_user_permissions_pkey; Type: CONSTRAINT; Schema: public; Owner: postgres
--

ALTER TABLE ONLY public.core_customuser_user_permissions
    ADD CONSTRAINT core_customuser_user_permissions_pkey PRIMARY KEY (id);


--
-- Name: core_employee core_employee_cellphone_key; Type: CONSTRAINT; Schema: public; Owner: postgres
--

ALTER TABLE ONLY public.core_employee
    ADD CONSTRAINT core_employee_cellphone_key UNIQUE (cellphone);


--
-- Name: core_employee core_employee_pkey; Type: CONSTRAINT; Schema: public; Owner: postgres
--

ALTER TABLE ONLY public.core_employee
    ADD CONSTRAINT core_employee_pkey PRIMARY KEY (id);


--
-- Name: core_employee core_employee_sheet_name_a151fab4_uniq; Type: CONSTRAINT; Schema: public; Owner: postgres
--

ALTER TABLE ONLY public.core_employee
    ADD CONSTRAINT core_employee_sheet_name_a151fab4_uniq UNIQUE (sheet_name);


--
-- Name: core_invoice core_invoice_pkey; Type: CONSTRAINT; Schema: public; Owner: postgres
--

ALTER TABLE ONLY public.core_invoice
    ADD CONSTRAINT core_invoice_pkey PRIMARY KEY (id);


--
-- Name: core_invoicesession core_invoicesession_cellphone_key; Type: CONSTRAINT; Schema: public; Owner: postgres
--

ALTER TABLE ONLY public.core_invoicesession
    ADD CONSTRAINT core_invoicesession_cellphone_key UNIQUE (cellphone);


--
-- Name: core_invoicesession core_invoicesession_pkey; Type: CONSTRAINT; Schema: public; Owner: postgres
--

ALTER TABLE ONLY public.core_invoicesession
    ADD CONSTRAINT core_invoicesession_pkey PRIMARY KEY (id);


--
-- Name: django_admin_log django_admin_log_pkey; Type: CONSTRAINT; Schema: public; Owner: postgres
--

ALTER TABLE ONLY public.django_admin_log
    ADD CONSTRAINT django_admin_log_pkey PRIMARY KEY (id);


--
-- Name: django_content_type django_content_type_app_label_model_76bd3d3b_uniq; Type: CONSTRAINT; Schema: public; Owner: postgres
--

ALTER TABLE ONLY public.django_content_type
    ADD CONSTRAINT django_content_type_app_label_model_76bd3d3b_uniq UNIQUE (app_label, model);


--
-- Name: django_content_type django_content_type_pkey; Type: CONSTRAINT; Schema: public; Owner: postgres
--

ALTER TABLE ONLY public.django_content_type
    ADD CONSTRAINT django_content_type_pkey PRIMARY KEY (id);


--
-- Name: django_migrations django_migrations_pkey; Type: CONSTRAINT; Schema: public; Owner: postgres
--

ALTER TABLE ONLY public.django_migrations
    ADD CONSTRAINT django_migrations_pkey PRIMARY KEY (id);


--
-- Name: django_session django_session_pkey; Type: CONSTRAINT; Schema: public; Owner: postgres
--

ALTER TABLE ONLY public.django_session
    ADD CONSTRAINT django_session_pkey PRIMARY KEY (session_key);


--
-- Name: auth_group_name_a6ea08ec_like; Type: INDEX; Schema: public; Owner: postgres
--

CREATE INDEX auth_group_name_a6ea08ec_like ON public.auth_group USING btree (name varchar_pattern_ops);


--
-- Name: auth_group_permissions_group_id_b120cbf9; Type: INDEX; Schema: public; Owner: postgres
--

CREATE INDEX auth_group_permissions_group_id_b120cbf9 ON public.auth_group_permissions USING btree (group_id);


--
-- Name: auth_group_permissions_permission_id_84c5c92e; Type: INDEX; Schema: public; Owner: postgres
--

CREATE INDEX auth_group_permissions_permission_id_84c5c92e ON public.auth_group_permissions USING btree (permission_id);


--
-- Name: auth_permission_content_type_id_2f476e4b; Type: INDEX; Schema: public; Owner: postgres
--

CREATE INDEX auth_permission_content_type_id_2f476e4b ON public.auth_permission USING btree (content_type_id);


--
-- Name: core_customuser_email_e02ad5f6_like; Type: INDEX; Schema: public; Owner: postgres
--

CREATE INDEX core_customuser_email_e02ad5f6_like ON public.core_customuser USING btree (email varchar_pattern_ops);


--
-- Name: core_customuser_groups_customuser_id_976bc4d7; Type: INDEX; Schema: public; Owner: postgres
--

CREATE INDEX core_customuser_groups_customuser_id_976bc4d7 ON public.core_customuser_groups USING btree (customuser_id);


--
-- Name: core_customuser_groups_group_id_301aeff4; Type: INDEX; Schema: public; Owner: postgres
--

CREATE INDEX core_customuser_groups_group_id_301aeff4 ON public.core_customuser_groups USING btree (group_id);


--
-- Name: core_customuser_user_permissions_customuser_id_ebd2ce6c; Type: INDEX; Schema: public; Owner: postgres
--

CREATE INDEX core_customuser_user_permissions_customuser_id_ebd2ce6c ON public.core_customuser_user_permissions USING btree (customuser_id);


--
-- Name: core_customuser_user_permissions_permission_id_80ceaab9; Type: INDEX; Schema: public; Owner: postgres
--

CREATE INDEX core_customuser_user_permissions_permission_id_80ceaab9 ON public.core_customuser_user_permissions USING btree (permission_id);


--
-- Name: core_employee_cellphone_49f843fa_like; Type: INDEX; Schema: public; Owner: postgres
--

CREATE INDEX core_employee_cellphone_49f843fa_like ON public.core_employee USING btree (cellphone varchar_pattern_ops);


--
-- Name: core_employee_sheet_name_a151fab4_like; Type: INDEX; Schema: public; Owner: postgres
--

CREATE INDEX core_employee_sheet_name_a151fab4_like ON public.core_employee USING btree (sheet_name varchar_pattern_ops);


--
-- Name: core_invoice_employee_id_80dbfb65; Type: INDEX; Schema: public; Owner: postgres
--

CREATE INDEX core_invoice_employee_id_80dbfb65 ON public.core_invoice USING btree (employee_id);


--
-- Name: core_invoicesession_cellphone_ab388f27_like; Type: INDEX; Schema: public; Owner: postgres
--

CREATE INDEX core_invoicesession_cellphone_ab388f27_like ON public.core_invoicesession USING btree (cellphone varchar_pattern_ops);


--
-- Name: core_invoicesession_current_invoice_id_2cc239e0; Type: INDEX; Schema: public; Owner: postgres
--

CREATE INDEX core_invoicesession_current_invoice_id_2cc239e0 ON public.core_invoicesession USING btree (current_invoice_id);


--
-- Name: django_admin_log_content_type_id_c4bce8eb; Type: INDEX; Schema: public; Owner: postgres
--

CREATE INDEX django_admin_log_content_type_id_c4bce8eb ON public.django_admin_log USING btree (content_type_id);


--
-- Name: django_admin_log_user_id_c564eba6; Type: INDEX; Schema: public; Owner: postgres
--

CREATE INDEX django_admin_log_user_id_c564eba6 ON public.django_admin_log USING btree (user_id);


--
-- Name: django_session_expire_date_a5c62663; Type: INDEX; Schema: public; Owner: postgres
--

CREATE INDEX django_session_expire_date_a5c62663 ON public.django_session USING btree (expire_date);


--
-- Name: django_session_session_key_c0390e0f_like; Type: INDEX; Schema: public; Owner: postgres
--

CREATE INDEX django_session_session_key_c0390e0f_like ON public.django_session USING btree (session_key varchar_pattern_ops);


--
-- Name: auth_group_permissions auth_group_permissio_permission_id_84c5c92e_fk_auth_perm; Type: FK CONSTRAINT; Schema: public; Owner: postgres
--

ALTER TABLE ONLY public.auth_group_permissions
    ADD CONSTRAINT auth_group_permissio_permission_id_84c5c92e_fk_auth_perm FOREIGN KEY (permission_id) REFERENCES public.auth_permission(id) DEFERRABLE INITIALLY DEFERRED;


--
-- Name: auth_group_permissions auth_group_permissions_group_id_b120cbf9_fk_auth_group_id; Type: FK CONSTRAINT; Schema: public; Owner: postgres
--

ALTER TABLE ONLY public.auth_group_permissions
    ADD CONSTRAINT auth_group_permissions_group_id_b120cbf9_fk_auth_group_id FOREIGN KEY (group_id) REFERENCES public.auth_group(id) DEFERRABLE INITIALLY DEFERRED;


--
-- Name: auth_permission auth_permission_content_type_id_2f476e4b_fk_django_co; Type: FK CONSTRAINT; Schema: public; Owner: postgres
--

ALTER TABLE ONLY public.auth_permission
    ADD CONSTRAINT auth_permission_content_type_id_2f476e4b_fk_django_co FOREIGN KEY (content_type_id) REFERENCES public.django_content_type(id) DEFERRABLE INITIALLY DEFERRED;


--
-- Name: core_customuser_groups core_customuser_grou_customuser_id_976bc4d7_fk_core_cust; Type: FK CONSTRAINT; Schema: public; Owner: postgres
--

ALTER TABLE ONLY public.core_customuser_groups
    ADD CONSTRAINT core_customuser_grou_customuser_id_976bc4d7_fk_core_cust FOREIGN KEY (customuser_id) REFERENCES public.core_customuser(id) DEFERRABLE INITIALLY DEFERRED;


--
-- Name: core_customuser_groups core_customuser_groups_group_id_301aeff4_fk_auth_group_id; Type: FK CONSTRAINT; Schema: public; Owner: postgres
--

ALTER TABLE ONLY public.core_customuser_groups
    ADD CONSTRAINT core_customuser_groups_group_id_301aeff4_fk_auth_group_id FOREIGN KEY (group_id) REFERENCES public.auth_group(id) DEFERRABLE INITIALLY DEFERRED;


--
-- Name: core_customuser_user_permissions core_customuser_user_customuser_id_ebd2ce6c_fk_core_cust; Type: FK CONSTRAINT; Schema: public; Owner: postgres
--

ALTER TABLE ONLY public.core_customuser_user_permissions
    ADD CONSTRAINT core_customuser_user_customuser_id_ebd2ce6c_fk_core_cust FOREIGN KEY (customuser_id) REFERENCES public.core_customuser(id) DEFERRABLE INITIALLY DEFERRED;


--
-- Name: core_customuser_user_permissions core_customuser_user_permission_id_80ceaab9_fk_auth_perm; Type: FK CONSTRAINT; Schema: public; Owner: postgres
--

ALTER TABLE ONLY public.core_customuser_user_permissions
    ADD CONSTRAINT core_customuser_user_permission_id_80ceaab9_fk_auth_perm FOREIGN KEY (permission_id) REFERENCES public.auth_permission(id) DEFERRABLE INITIALLY DEFERRED;


--
-- Name: core_invoice core_invoice_employee_id_80dbfb65_fk_core_employee_id; Type: FK CONSTRAINT; Schema: public; Owner: postgres
--

ALTER TABLE ONLY public.core_invoice
    ADD CONSTRAINT core_invoice_employee_id_80dbfb65_fk_core_employee_id FOREIGN KEY (employee_id) REFERENCES public.core_employee(id) DEFERRABLE INITIALLY DEFERRED;


--
-- Name: core_invoicesession core_invoicesession_current_invoice_id_2cc239e0_fk_core_invo; Type: FK CONSTRAINT; Schema: public; Owner: postgres
--

ALTER TABLE ONLY public.core_invoicesession
    ADD CONSTRAINT core_invoicesession_current_invoice_id_2cc239e0_fk_core_invo FOREIGN KEY (current_invoice_id) REFERENCES public.core_invoice(id) DEFERRABLE INITIALLY DEFERRED;


--
-- Name: django_admin_log django_admin_log_content_type_id_c4bce8eb_fk_django_co; Type: FK CONSTRAINT; Schema: public; Owner: postgres
--

ALTER TABLE ONLY public.django_admin_log
    ADD CONSTRAINT django_admin_log_content_type_id_c4bce8eb_fk_django_co FOREIGN KEY (content_type_id) REFERENCES public.django_content_type(id) DEFERRABLE INITIALLY DEFERRED;


--
-- Name: django_admin_log django_admin_log_user_id_c564eba6_fk_core_customuser_id; Type: FK CONSTRAINT; Schema: public; Owner: postgres
--

ALTER TABLE ONLY public.django_admin_log
    ADD CONSTRAINT django_admin_log_user_id_c564eba6_fk_core_customuser_id FOREIGN KEY (user_id) REFERENCES public.core_customuser(id) DEFERRABLE INITIALLY DEFERRED;


--
-- PostgreSQL database dump complete
--

\unrestrict WNXGb9gt5s8gIK5ayilNtwBeUl53aL0YFrbTLGYRxGKlWJb7oMHPg29UevONcTw

